id;datemaj;type_observation;identifiant_registre;date_enregistrement;sexe;date_naissance;statut;date_deces;circonstance_deces;autre_circonstance_deces;lieu_deces;consanguinite;origine_geo_pere_gouvernorat;origine_geo_mere_gouvernorat;origine_geo_pere_deleguation;origine_geo_mere_deleguation;couverture_sociale;autre_couverture_sociale;activite;btravail;travail;scolarise;type_scolarise;niveau_scolarisation;cas_familiaux;nbcasconfirme;nbcassuspectes;nbcasdecedes;deces_en_bas_age;nbcas_deces_age_bas;circonstances_decouverte;age_aux_premiers_symptomes;an_age_premiers_symptomes;mois_age_premiers_symptomes;jours_premiers_symptomes;age_premiere_consultation;an_age_premiere_consultation;mois_age_premiere_consultation;jours_premiere_consultation;date_derniere_evaluation;date_diagnostic;handicap_mental;qi;handicap_moteur;hadicap_moteur_grade;deficit_neurosensoriel;deficit_neurosensoriel_val;deficience_psychique;deficience_psychique_val;autre_deficience_psychique;regime;regime_val;medicament_specifique;medicament_specifique_val;autre_medicament_specifique;vitamines;vitamines_val;greffehepatique;reeducation_fonctionnelle;appareillage;psuchologie;ergotherapie;depistage_post_natal_oriente;echelle_depistage;nombre_individus_depistes;nouveaux_cas_depistes;nombre_nouveaux_cas_depistes;code_registre_1_cas_depistes;lien_parente_1_cas_depistes;autre_lien_parente_1;code_registre_2_cas_depistes;lien_parente_2_cas_depistes;autre_lien_parente_2;nombre_de_grossesse_ulterieures;nomre_dpn;nombre_nouveaux_cas_diagnostiques;nombre_itg;nomre_de_grossesses_poursuivies;nombre_de_foetus_sains;pathologie_id
1;2023-07-16;Dinar withdrawal;strategic;2023-07-16;F;2023-07-16;DECEDE;2023-07-16;NON_PRECISE;wireless;DOMICILE;NP;TUNIS;KASSERINE;up customized Lake;Tasty Island;AUCUNE;Rustic;NA;true;Fresh Progressive;true;ECOLE_INTEGRATION;SECONDAIRE;OUI;16942;38461;70298;NP;84848;DEPISTAGE;NON_CONNU;57074;25729;63815;CONNU;90177;16513;77477;2023-07-16;2023-07-15;OUI;QI_20_34;NON;LEGER;NP;NP;NON;TROUBLES_COMPORTEMENT;Borders Kwacha Incredible;NON;NP;OUI;NTBC_NITISIN_ORFADIN;Loan Market connecting;NON;VITAMINEB12_COBALAMINE;NP;NP;NON;NP;NP;NON;AU_DELA;26714;NP;76952;copying;COUSINS;AI;collaborative Lek Flat;FRATERIE;auxiliary Republic;93579;44050;18503;84192;82028;32461;1
2;2023-07-16;Multi-layered Leone;CSS synthesize;2023-07-16;F;2023-07-16;INTERRUPTION_DE_GROSSESSE;2023-07-16;NON_PRECISE;Account;DOMICILE;NON;KEBIL;SIDIBOUZID;infrastructures hack;bleeding-edge Account;CNAM;Personal Internal;NON;false;architect FTP Incredible;true;AUTRE;SECONDAIRE;NON;40906;62741;47071;NON;58074;ENQUETE_FAMILIALE;CONNU;57535;7001;89474;NON_CONNU;72790;81886;68442;2023-07-15;2023-07-16;NP;INFERIEUR_20;NP;LEGER;NP;NP;NP;AUTRE;e-markets backing Brook;NP;CONTROLE_EN_ACIDE_AMINE;NP;CITRATEDEBETAINE_CYSTADANE;COM Liaison Crossroad;NP;VITAMINEB6_PYRIDOXINE;NP;NP;NON;OUI;NON;NON;NP;86327;NP;24735;deposit engage;AUTRE;Account withdrawal Director;withdrawal paradigms;COUSINS;Optimized Configurable Alaska;23987;70532;20344;18947;20588;60296;2
3;2023-07-16;white policy;innovative Borders real-time;2023-07-15;M;2023-07-15;ENCORE_SUIVI;2023-07-16;TBL_HEMORRAGIQUE;Russian North;STRUCTURE_SANTE_PUBLIQUE;NP;GAFSA;ARIANA;withdrawal program Movies;Forward;INDIGENT;Borders Ports;OUI;false;content-based;true;NP;COLLEGE;NP;80422;24754;55410;OUI;85287;DEPISTAGE;NON_CONNU;20877;61979;45510;NON_CONNU;55327;12391;27154;2023-07-16;2023-07-16;OUI;INFERIEUR_20;NON;MOYEN;NP;VISUEL;NP;NP;Internal models Missouri;NON;CONTROLE_EN_ACIDE_AMINE;OUI;NTBC_NITISIN_ORFADIN;blue Jersey;NP;VITAMINEC_ACIDEASCORBIQUE;NP;NP;NON;NP;OUI;NON;NP;52169;NP;96295;Table synthesizing program;AUTRE;viral Plastic Developer;Handcrafted Pataca;COUSINS;directional silver Rustic;67591;77725;4405;69551;67758;17723;3
4;2023-07-16;Future Electronics;next Unbranded Designer;2023-07-15;M;2023-07-16;PERDU_DE_VUE;2023-07-16;TBL_NEURO;bluetooth Multi-lateral;DOMICILE;NP;TATAOUINE;GABES;experiences Cambridgeshire;Plastic Movies port;AUTRE;silver Awesome Rubber;NON;false;program Shoes;false;ECOLE_NORMALE;COLLEGE;NON;12462;61442;14915;NP;44116;FORTUITE;CONNU;7109;75585;98448;NON_CONNU;55152;93358;61225;2023-07-15;2023-07-16;OUI;INFERIEUR_20;NON;LEGER;NP;VISUEL;OUI;NP;back management system;NON;NP;OUI;AUTRE;Rwanda Loti fuchsia;OUI;VITAMINEB6_PYRIDOXINE;NP;NON;OUI;OUI;NON;NP;NP;29349;NP;60355;Avon;AUTRE;optical systematic Angola;Granite;COUSINS;expedite bypassing;21900;83837;98354;56454;67071;60600;4
5;2023-07-16;calculate Oregon connect;invoice;2023-07-16;F;2023-07-15;INTERRUPTION_DE_GROSSESSE;2023-07-16;TBL_HEMORRAGIQUE;Carolina Chicken;DOMICILE;NP;GABES;MANOUBA;transmitting Greece bypass;payment Refined Principal;INDIGENT;e-business blockchains Identity;NA;true;virtual impactful;false;CENTRE_SPECIALISE;PRIMAIRE;NP;38289;34318;3719;NON;46210;SYMPTOMATIQUE;CONNU;17700;15653;94484;NON_CONNU;72907;42564;97576;2023-07-16;2023-07-16;NON;QI_20_34;NP;TRESGRAND;OUI;AUDITIF;NON;TROUBLES_HUMEUR;EXE Streamlined;OUI;NP;NON;BH4DICHLORYDRATEDESAPROPTERINE_JUVAN;Customer;NP;NP;OUI;NP;NON;NON;NON;OUI;NP;18081;OUI;18628;Turkey Cotton;AUTRE;Functionality primary;supply-chains;COUSINS;Niger;98707;67222;53630;82557;26233;55661;5
6;2023-07-16;turquoise;redundant;2023-07-16;INDETERMINE;2023-07-15;PERDU_DE_VUE;2023-07-15;TBL_NEURO;CFA Licensed;STRUCTURE_SANTE_PUBLIQUE;NON;MAHDIA;KEF;sexy sensor;Tasty;AUCUNE;1080p Mobility;NA;false;methodologies;false;NP;SUPERIEUR;NP;5007;26146;78296;OUI;90175;DEPISTAGE;CONNU;21382;51813;34974;CONNU;57834;48129;32874;2023-07-15;2023-07-16;OUI;INFERIEUR_20;NP;GRAND;NP;AUDITIF;OUI;AUTRE;orange infrastructures;NP;HYPOPROTIDIQUE;NP;AUTRE;Infrastructure Dynamic;NON;VITAMINEB9_ACIDEFOLIQUE;NON;NON;NP;NP;OUI;NP;AU_DELA;39057;NON;11995;Cheese;COUSINS;Indiana Unit real-time;card;FRATERIE;6th Innovative Card;17956;13645;44802;3474;57407;29326;6
7;2023-07-16;Account Fish parsing;incentivize;2023-07-16;INDETERMINE;2023-07-16;PERDU_DE_VUE;2023-07-15;AUTRE;vertical optimize;DOMICILE;NP;TUNIS;TOZEUR;Distributed;Handcrafted;REGIME_MILITAIRE;COM;NP;true;GB plug-and-play;true;ECOLE_NORMALE;COLLEGE;OUI;49023;28125;76034;NP;56347;SYMPTOMATIQUE;CONNU;1284;43051;54936;CONNU;44394;89879;88991;2023-07-16;2023-07-16;OUI;QI_50_69;OUI;LEGER;OUI;VISUEL;OUI;AUTRE;Salad Faso;OUI;NP;NON;BH4DICHLORYDRATEDESAPROPTERINE_JUVAN;Soft bricks-and-clicks Chicken;OUI;VITAMINEB12_COBALAMINE;NP;NP;OUI;OUI;OUI;NP;FAMILLE_NUCLEAIRE;12686;EN_COURS;80340;Cotton Cotton;COUSINS;Small;target;AUTRE;wireless Cambridgeshire Games;73708;65886;59211;78548;50086;37204;7
8;2023-07-15;flexibility bypassing;Stravenue Glen;2023-07-16;F;2023-07-15;INTERRUPTION_DE_GROSSESSE;2023-07-16;TBL_HEMORRAGIQUE;bus Triple-buffered users;DOMICILE;NP;BEJA;ZAGHOUAN;Locks strategy;Bedfordshire;AUCUNE;withdrawal Re-engineered quantifying;NON;false;Rubber;false;ECOLE_INTEGRATION;SUPERIEUR;OUI;84300;82077;47455;NP;12736;DIAGNOSTIC_PRENATAL;NON_CONNU;17794;34259;33735;CONNU;8759;64870;14477;2023-07-16;2023-07-16;NP;INFERIEUR_20;NP;GRAND;OUI;AUDITIF;OUI;NP;Shoes Universal;OUI;CONTROLE_EN_ACIDE_AMINE;NON;AUTRE;driver Sleek;OUI;VITAMINEC_ACIDEASCORBIQUE;NON;OUI;OUI;NP;NON;OUI;FAMILLE_NUCLEAIRE;85703;EN_COURS;47911;Concrete Switchable deposit;AUTRE;Response;transmitter artificial;FRATERIE;Incredible Car;58065;13942;40500;43660;33173;57494;8
9;2023-07-16;payment Integration Land;Turnpike generating;2023-07-16;INDETERMINE;2023-07-16;PERDU_DE_VUE;2023-07-16;TBL_INFX;United Georgia;STRUCTURE_SANTE_PUBLIQUE;NON;KASSERINE;NABEUL;encryption Representative;Metal Soap Garden;CNAM;user-facing Sharable wireless;NON;true;Home;false;ECOLE_NORMALE;PRIMAIRE;NP;65257;35857;36800;NON;23367;ENQUETE_FAMILIALE;NON_CONNU;8181;76526;99325;CONNU;84125;71002;21929;2023-07-16;2023-07-16;OUI;NON_EVALUE;NP;LEGER;NON;VISUEL;NP;TROUBLES_COMMUNICATION_LANGUAGE;Right-sized Steel Clothing;OUI;NP;NP;BH4DICHLORYDRATEDESAPROPTERINE_JUVAN;violet;OUI;VITAMINEB9_ACIDEFOLIQUE;NP;NP;NP;NP;NON;OUI;FAMILLE_NUCLEAIRE;24088;EN_COURS;80288;24/7;COUSINS;revolutionize Vermont Plastic;Manager of Ergonomic;AUTRE;distributed Computers;84540;30188;90301;70484;50080;49227;9
10;2023-07-16;Response Web Account;Handmade multi-byte;2023-07-16;M;2023-07-16;INTERRUPTION_DE_GROSSESSE;2023-07-15;TBL_HEMORRAGIQUE;Health systematic Alabama;DOMICILE;OUI;SIDIBOUZID;BIZERTE;Car Hawaii;synthesize;CNAM;actuating Underpass Fresh;OUI;false;SSL;false;ECOLE_INTEGRATION;PRIMAIRE;OUI;56362;9795;26136;NON;55895;SYMPTOMATIQUE;NON_CONNU;55545;35217;48635;CONNU;84591;85499;30684;2023-07-16;2023-07-16;NON;NON_EVALUE;NP;GRAND;NON;AUDITIF;OUI;AUTRE;auxiliary Account haptic;NON;NP;OUI;CITRATEDEBETAINE_CYSTADANE;Investment index Home;NON;VITAMINEB12_COBALAMINE;OUI;NP;NP;OUI;OUI;OUI;AU_DELA;35458;EN_COURS;81755;redundant;AUTRE;Hat;Compatible Krona;AUTRE;function;59543;49136;33894;53159;18702;96461;10
